1235,1,1,1,1,1,0,0,0,0,1,0,3,1,2,8,1
1691,0,0,0,0,0,1,4,2,1,10,0,0,0,0,2,0
1823,1,1,1,1,0,0,0,0,0,0,1,4,1,1,9,1
1682,1,0,1,0,0,1,0,0,2,2,0,4,2,0,9,1
1397,0,1,1,0,0,0,2,0,2,3,1,1,1,0,5,1
1375,0,0,1,0,1,1,3,0,2,6,0,0,0,0,1,0
1470,0,1,1,0,0,0,2,0,1,1,1,1,1,0,8,1
828,1,1,1,1,1,0,0,0,0,0,0,2,1,1,7,1
1746,1,0,0,0,0,2,3,1,1,7,0,1,0,0,4,0
1357,0,1,1,1,1,0,2,0,0,1,1,1,2,1,10,1
1651,0,0,0,1,0,1,4,2,0,9,0,0,0,2,5,0
1280,1,0,1,1,0,1,0,0,0,0,0,2,1,1,8,1
1676,1,1,0,0,0,0,2,2,2,11,0,2,0,0,1,0
1572,1,1,1,1,1,0,0,0,0,2,0,3,2,1,8,1
926,0,1,1,0,0,0,1,0,1,4,0,0,0,0,1,0
1824,1,1,1,1,0,0,4,1,1,7,1,1,1,1,7,0
1839,1,1,0,1,0,0,2,1,0,7,0,3,0,1,2,0
1121,0,1,1,1,0,0,2,0,0,4,0,0,0,0,1,0
2049,1,1,1,0,1,0,1,0,1,5,2,4,2,0,10,1
1567,1,0,0,1,1,1,2,1,0,10,0,2,0,2,1,0
2073,1,1,1,1,1,0,1,0,1,3,1,4,1,1,7,1
2241,0,1,0,0,0,0,3,4,2,8,1,3,1,0,6,1
1698,0,1,1,0,0,0,1,0,1,1,1,2,4,1,11,1
1593,1,1,0,0,0,0,1,1,1,9,0,3,0,0,5,0
1571,1,1,1,0,1,0,1,0,2,4,1,3,1,0,5,1
1626,0,0,0,0,0,1,3,2,1,9,0,0,0,1,0,0
2290,0,1,0,1,0,0,4,3,1,10,1,1,0,1,3,0
1139,1,1,1,1,1,0,1,0,0,0,0,1,3,1,11,1
1448,1,0,0,0,1,1,0,1,2,7,0,1,0,0,2,0
1322,1,1,1,1,1,0,0,0,0,1,0,2,1,1,7,1
2191,1,0,1,1,0,1,0,0,0,4,1,5,1,1,5,1
1381,0,0,1,1,0,1,2,0,1,4,0,0,0,1,2,0
1703,1,1,1,1,1,0,0,0,0,2,1,4,3,1,11,1
1117,0,1,1,0,0,0,2,0,1,6,0,0,0,0,0,0
2043,1,1,1,1,1,0,1,1,0,5,2,5,5,1,11,1
2364,1,1,1,1,0,0,3,0,0,4,2,3,1,1,7,1
1954,1,0,0,1,1,2,2,1,0,7,0,3,0,2,3,0
963,1,1,1,0,1,0,0,0,1,1,0,2,0,0,2,1
1241,0,1,0,0,0,0,2,2,2,9,0,0,0,0,1,0
1362,1,1,0,1,1,0,2,1,1,8,0,1,0,1,3,0
2259,1,0,0,1,0,3,1,3,0,9,0,4,0,2,4,0
1864,0,1,1,0,0,0,3,0,1,3,1,2,2,0,10,1
1956,0,0,0,0,1,2,2,1,2,8,0,2,0,0,3,0
2022,1,1,1,1,1,0,2,0,1,2,1,3,1,1,10,1
1444,0,1,1,0,1,0,2,0,1,2,1,1,1,0,6,1
1527,1,1,1,1,0,0,0,0,0,2,1,4,2,2,9,1
1708,0,1,0,1,0,0,4,1,0,8,0,0,0,1,2,0
1308,1,1,1,1,1,0,2,0,0,0,0,1,2,2,10,1
963,1,1,1,1,1,0,0,0,0,0,0,2,1,1,7,1
1129,1,1,0,0,1,0,1,2,2,9,0,1,0,0,0,0
1461,1,0,1,0,1,1,1,0,1,4,0,2,0,0,2,0
1019,1,1,1,0,1,0,1,0,1,2,0,1,0,0,1,0
1400,1,1,1,1,1,0,0,0,0,0,0,2,2,2,10,1
1660,0,0,1,0,1,1,1,0,1,1,0,3,2,1,8,1
1687,1,1,0,1,1,0,2,1,1,8,0,2,0,1,2,0
1793,1,0,0,0,0,1,2,2,2,11,0,2,0,0,3,0
1745,1,0,0,1,0,1,3,2,0,10,0,1,0,2,3,0
1946,0,0,0,1,1,1,2,2,0,9,0,2,0,1,3,0
1344,1,1,1,1,1,0,0,0,0,1,1,2,1,1,5,1
1778,0,1,1,1,1,0,3,0,0,2,2,1,2,2,10,1
1567,0,0,0,1,1,1,4,2,1,9,0,0,0,1,3,0
1878,1,1,0,0,0,0,3,4,1,10,1,1,1,0,8,1
1488,0,1,1,1,1,0,1,0,0,1,1,1,1,2,7,1
1984,0,1,1,1,0,0,4,0,1,3,1,1,2,1,10,1
1576,1,0,1,1,1,1,0,1,0,5,0,4,1,2,7,1
1480,1,1,1,0,0,0,0,0,1,1,1,3,2,0,9,1
2393,0,1,1,1,1,0,3,0,0,4,3,3,2,0,9,1
1260,0,1,0,0,0,0,2,1,2,8,0,0,0,0,0,0
1706,1,1,1,0,0,0,0,0,2,5,1,4,2,0,9,1
1321,1,1,1,1,1,0,0,0,0,0,0,3,0,2,5,1
1135,1,1,1,1,1,0,0,0,0,0,0,2,0,1,6,1
1596,0,1,1,0,1,0,1,0,1,4,1,3,1,1,8,1
1283,1,1,1,1,0,0,2,0,1,3,0,1,0,1,1,0
1349,1,0,1,1,1,1,1,0,0,5,0,1,0,1,1,0
1891,1,0,1,0,1,1,3,0,1,6,1,2,1,0,8,1
951,1,1,1,1,1,0,0,0,0,0,0,1,0,0,3,1
1535,1,1,1,0,0,0,0,0,2,3,1,2,1,0,7,1
1485,0,1,1,0,1,0,1,0,1,3,1,3,0,0,3,1
1827,1,1,1,1,0,0,3,0,0,3,1,1,2,1,9,1
1965,0,1,0,0,1,0,2,1,2,8,1,2,1,0,6,1
1631,0,1,1,0,0,0,2,0,1,3,1,2,0,0,6,1
1458,0,0,0,0,1,1,3,2,2,9,0,0,0,0,2,0
1548,1,1,0,1,1,0,2,1,0,5,0,2,0,2,3,0
1598,0,0,0,0,1,1,4,2,2,10,0,0,0,0,0,0
1343,0,0,0,0,0,1,2,1,2,8,0,1,0,0,1,0
1432,1,1,1,1,1,0,2,0,0,3,1,2,0,1,2,0
1390,0,1,0,0,1,0,4,2,2,7,0,0,0,0,0,0
1690,1,0,0,1,1,1,1,2,0,9,0,2,0,2,3,0
995,1,1,0,0,1,0,1,1,1,7,0,1,0,0,0,0
912,0,1,1,1,1,0,2,0,0,3,0,0,0,1,0,0
2434,1,0,0,1,0,1,2,1,1,6,1,4,3,1,11,1
2123,1,0,1,1,1,1,4,0,0,2,0,2,3,1,10,1
1722,0,0,0,0,0,1,2,1,1,7,0,1,0,0,3,0
1392,1,1,1,1,0,0,1,0,0,2,1,2,1,2,8,1
2089,1,0,0,0,0,2,3,2,2,10,0,3,0,0,2,0
1151,0,1,1,1,1,0,1,0,0,1,0,1,1,2,8,1
1667,0,0,0,0,1,1,3,2,2,10,0,1,0,0,1,0
936,0,1,1,0,0,0,2,0,2,5,0,0,0,0,0,0
1633,1,1,1,0,1,0,1,0,1,4,1,3,2,1,8,1
1680,1,1,1,0,0,0,0,0,1,4,1,4,2,0,10,1
1688,1,0,1,1,1,1,1,1,0,7,0,3,1,1,6,0
1480,0,0,1,0,1,1,3,0,2,6,0,0,0,0,2,0
1568,0,1,1,0,0,0,3,0,2,3,1,1,1,0,9,1
1446,1,0,0,0,0,1,2,2,1,9,0,1,0,0,1,0
1464,1,0,0,1,1,1,1,1,1,6,0,3,0,1,5,0
1599,1,0,0,1,0,1,3,2,1,9,0,1,0,1,1,0
1685,1,0,0,1,0,1,1,2,0,10,0,4,0,2,3,0
2346,1,0,1,0,0,1,4,0,2,5,1,2,3,0,11,1
1720,1,1,1,0,0,0,0,0,1,3,1,4,2,0,9,1
2244,0,1,1,0,1,0,2,0,1,4,1,3,3,1,10,1
1319,1,1,1,1,0,0,0,0,0,0,0,3,1,2,10,1
1936,0,1,0,1,0,1,3,1,0,5,1,2,1,1,10,1
1502,1,1,0,1,0,0,1,1,0,6,1,2,0,1,1,0
1221,1,1,1,1,1,0,0,0,0,0,0,3,1,2,8,1
1223,0,1,0,0,0,0,3,1,2,7,0,0,0,0,0,0
1158,1,1,1,1,0,0,0,0,0,1,0,2,0,2,3,1
1666,0,1,1,0,0,0,3,0,2,3,1,1,0,0,6,1
1434,0,0,0,0,0,1,4,1,2,6,0,0,0,0,2,0
2170,1,0,0,0,0,1,1,2,2,8,1,4,1,0,8,1
1962,0,0,1,1,1,1,1,0,1,7,1,3,1,1,7,1
1587,1,1,1,1,0,0,1,0,0,3,1,3,3,2,11,1
2009,0,1,1,1,1,0,1,0,1,1,1,3,2,1,9,1
1838,1,1,1,0,1,0,1,0,1,4,1,4,2,1,9,1
1404,1,1,1,1,0,0,0,0,0,2,1,3,1,2,7,1
1416,0,1,1,1,0,0,1,0,0,2,0,3,2,2,10,1
1156,0,1,0,0,0,0,3,1,2,8,0,0,0,0,1,0
1417,0,1,1,1,0,0,2,0,0,4,1,1,1,2,6,1
1910,0,1,1,1,1,0,2,0,0,2,2,3,3,1,9,1
1242,1,1,1,1,1,0,1,0,0,1,0,2,2,2,9,1
1732,0,0,0,0,1,1,4,2,1,9,0,0,0,0,0,0
1516,1,1,1,1,0,0,0,0,0,1,1,4,1,2,8,1
1324,1,1,0,0,0,0,2,2,1,9,0,1,0,0,3,0
1823,1,1,1,0,1,0,1,0,1,4,1,4,3,1,11,1
1086,0,1,0,0,0,0,2,2,1,10,0,0,0,0,0,0
1620,0,1,1,1,1,0,2,0,0,2,1,2,1,1,9,1
1676,0,1,0,0,0,0,4,2,1,10,1,0,0,0,0,0
2083,0,0,1,1,0,1,3,0,0,3,1,3,1,2,8,1
1312,1,1,1,0,0,0,0,0,1,2,0,3,1,1,6,1
2089,1,0,0,0,0,2,3,2,2,10,0,3,0,0,2,0
1643,0,0,0,0,0,1,3,1,2,7,0,1,0,0,1,0
1232,0,1,1,0,1,0,2,0,1,4,0,1,0,1,1,0
1559,1,0,0,0,0,1,3,3,2,11,0,1,0,0,0,0
1034,1,1,1,1,0,0,0,0,0,0,0,2,1,2,10,1
1715,0,1,1,1,1,0,2,0,0,4,0,2,1,2,8,1
1399,0,1,0,1,1,0,2,1,0,5,0,1,0,2,3,0
1717,0,0,0,0,0,1,3,3,1,10,0,1,0,1,3,0
1455,0,1,1,1,1,0,2,0,0,0,0,1,1,2,10,1
1641,1,1,1,1,1,0,0,0,0,0,1,4,2,1,9,1
1851,0,1,1,0,0,0,4,0,1,5,2,1,2,0,8,1
1817,1,1,1,0,1,0,1,0,1,2,2,3,4,0,10,1
2274,1,1,0,0,1,0,0,1,1,6,2,5,2,0,9,1
1464,1,1,1,1,0,0,0,0,0,1,0,3,1,2,8,1
1595,0,0,0,0,1,1,3,1,2,9,0,1,0,0,4,0
1779,1,1,1,1,0,0,0,0,0,1,1,4,4,2,11,1
1592,0,1,1,0,1,0,2,0,1,5,1,2,1,0,8,1
1589,1,1,1,1,1,0,1,0,0,0,1,2,1,2,7,1
1524,0,1,0,0,1,0,3,3,2,11,0,0,0,0,0,0
964,1,1,1,1,1,0,0,0,0,0,0,2,0,1,3,1
1648,1,0,0,1,1,1,3,2,0,8,0,1,0,1,1,0
1530,1,0,0,0,0,1,0,1,2,5,0,3,0,0,2,0
1940,0,1,1,0,0,0,2,0,2,5,1,3,1,0,6,1
1284,0,1,1,0,0,0,2,0,2,5,0,0,0,0,2,0
919,1,1,1,1,1,0,0,0,0,0,0,2,1,1,7,1
960,1,1,1,0,0,0,1,0,1,2,0,1,0,0,2,0
1572,0,1,1,1,1,0,3,0,1,6,1,0,1,1,9,1
914,1,1,1,1,1,0,0,0,0,0,0,2,0,1,7,1
1511,1,1,1,1,0,0,1,0,0,2,1,2,2,1,10,1
917,1,1,1,1,1,0,0,0,0,3,0,0,0,0,0,0
1905,1,0,1,1,1,1,2,0,0,0,1,3,1,1,10,1
1353,1,0,1,1,0,1,1,0,0,5,0,2,0,2,3,0
1329,0,1,1,1,1,0,3,0,1,6,0,0,0,1,3,0
1782,0,0,0,1,1,2,4,2,1,10,0,0,0,1,4,0
1562,0,1,1,1,1,0,4,0,0,6,1,0,0,2,3,0
926,1,1,1,1,0,0,0,0,0,1,0,2,0,0,2,1
1834,0,0,0,0,0,2,4,1,1,7,0,1,0,1,5,0
1182,0,1,0,0,0,0,2,2,1,9,0,0,0,0,1,0
1927,1,1,0,1,1,0,2,1,0,5,1,2,1,1,8,1
1221,1,1,1,1,1,0,0,0,0,1,0,3,0,2,5,1
1006,0,1,1,0,0,0,1,0,1,1,0,1,0,0,3,1
2088,1,1,1,0,1,0,0,0,1,4,1,5,2,0,9,1
1155,0,1,1,0,1,0,1,0,1,5,0,1,0,0,1,0
935,1,1,1,1,0,0,0,0,0,0,0,0,0,1,2,1
1897,0,0,1,0,0,1,4,1,1,8,0,0,1,0,6,0
1934,0,0,0,1,1,1,3,2,0,10,0,2,0,1,3,0
1132,1,1,1,1,1,0,0,0,0,0,0,3,1,1,7,1
1541,1,0,0,0,0,1,2,2,1,8,0,2,0,1,2,0
1856,0,0,0,0,0,1,4,4,2,11,0,0,0,0,4,0
1336,0,1,1,0,0,0,1,0,1,1,0,2,0,1,6,1
1145,0,1,1,1,1,0,1,0,0,0,0,2,2,2,8,1
1549,0,0,1,1,1,1,1,0,0,3,0,3,1,2,8,1
1385,0,1,1,0,1,0,1,0,1,2,1,2,2,1,9,1
1470,0,1,1,1,0,0,1,0,0,2,1,2,2,2,9,1
1408,1,1,0,0,0,0,1,1,2,9,0,1,0,0,2,0
1711,0,1,1,1,0,0,1,0,0,2,1,2,2,2,10,1
1680,0,1,1,1,1,0,4,0,0,1,1,0,3,2,11,1
1533,1,1,1,1,1,0,0,0,1,4,1,4,0,1,6,1
2260,1,1,0,1,0,0,1,3,0,9,2,4,0,1,4,0
1710,1,1,1,0,0,0,1,0,2,1,1,3,0,0,8,1
955,0,1,1,1,1,0,1,0,0,0,0,0,0,0,4,1
1535,1,1,1,0,0,0,0,0,2,3,1,2,1,0,7,1
1485,0,1,1,0,1,0,1,0,1,3,1,3,0,0,3,1
1680,1,0,0,0,0,1,1,4,2,11,0,3,0,0,2,0
1436,0,0,0,0,0,1,3,1,1,7,0,0,0,0,0,0
1241,1,1,1,1,1,0,0,0,0,2,0,2,0,0,3,1
1937,0,1,1,0,0,0,3,0,1,3,1,1,2,0,9,1
1551,1,0,0,0,0,1,2,1,2,8,0,2,0,0,2,0
1785,0,1,1,0,0,0,1,0,2,1,1,4,1,0,9,1
1688,1,1,1,1,0,0,1,0,0,1,1,3,1,2,10,1
1798,0,1,1,0,1,0,1,0,1,3,1,3,3,0,11,1
1487,1,1,1,0,1,0,0,0,1,1,1,3,1,0,5,1
1863,0,1,1,0,1,0,5,0,1,4,1,0,1,0,6,1
1996,1,0,0,0,1,1,1,1,1,7,0,3,0,1,3,0
2260,0,0,0,1,1,1,4,1,0,7,1,2,1,2,7,1
1899,1,1,1,1,0,0,1,0,0,3,2,4,1,1,8,1
1376,1,1,1,1,1,0,0,0,0,0,1,3,2,2,11,1
1280,1,1,1,0,0,0,0,0,2,1,0,2,1,0,5,1
1323,1,1,0,0,1,0,1,1,2,8,0,2,0,0,2,0
1739,1,1,1,1,0,0,1,0,0,0,1,3,1,2,9,1
2075,0,0,0,0,0,2,3,2,1,11,0,3,0,1,2,0
1680,1,0,0,1,0,1,1,1,1,8,0,2,0,1,3,0
1898,0,0,0,1,0,2,4,2,1,10,0,0,0,1,3,0
1806,0,0,0,0,0,1,3,1,2,9,0,1,0,0,1,0
2356,1,1,1,1,1,0,1,0,0,3,2,5,1,1,8,1
1511,1,0,0,0,0,1,2,1,2,6,0,2,0,0,3,0
934,0,1,0,0,0,0,2,1,1,6,0,0,0,0,0,0
1353,1,1,1,0,1,0,0,0,1,0,1,3,0,1,5,1
1715,1,1,1,1,1,1,2,0,0,5,1,2,0,1,4,0
2022,1,1,0,0,1,1,4,1,2,9,1,1,0,0,2,0
1764,1,1,1,0,0,0,2,0,1,4,1,2,1,1,7,1
2279,0,1,0,0,0,1,4,1,2,5,2,1,1,0,7,1
1729,0,0,1,1,1,1,3,0,1,6,0,1,0,1,3,0
930,1,1,1,1,1,0,0,0,0,0,0,2,0,1,4,1
1711,1,0,0,0,0,1,3,1,2,5,0,1,0,0,6,0
2267,0,0,0,0,0,1,4,1,2,7,1,2,1,0,9,1
1836,1,1,1,0,1,0,0,0,1,4,1,4,2,0,10,1
1149,0,1,0,0,0,0,2,2,1,9,0,0,0,0,0,0
2014,0,1,1,0,0,0,1,0,1,4,1,4,2,0,7,1
1552,0,1,1,0,0,0,2,0,2,5,1,2,1,0,7,1
1806,1,1,1,0,1,0,2,0,1,3,1,2,2,0,8,1
2228,1,0,1,1,0,1,1,0,0,6,2,4,2,2,9,1
1340,1,1,1,1,0,0,1,0,0,1,1,1,0,0,6,1
911,0,1,1,1,1,0,1,0,0,0,0,1,0,0,4,1
2342,1,1,0,0,0,1,4,2,2,10,1,2,0,0,3,0
1785,0,0,0,1,0,1,1,2,0,10,0,3,0,1,2,0
1501,1,1,1,1,0,0,0,0,0,2,0,4,1,2,5,1
1000,1,1,1,0,0,0,1,0,1,0,0,1,0,0,2,1
1478,1,0,0,1,0,1,3,1,0,7,0,1,0,2,3,0
2018,1,1,0,1,1,0,3,2,0,8,2,2,1,1,7,1
1631,0,1,1,0,0,0,2,0,2,6,0,2,0,0,3,0
2352,1,0,0,0,1,1,3,1,2,8,1,2,1,0,8,1
1605,0,0,0,1,1,1,3,2,0,9,0,0,0,1,4,0
1812,1,1,1,0,0,0,0,0,1,1,1,4,2,0,8,1
1848,0,0,0,0,0,2,5,1,2,9,0,0,0,0,2,0
1477,0,0,0,0,1,1,2,2,2,9,0,1,0,0,3,0
1708,0,1,1,0,1,0,3,0,1,5,1,1,1,1,8,1
1709,0,0,0,0,0,1,2,2,1,9,0,2,0,0,3,0
1950,1,1,1,1,1,0,1,0,0,0,1,4,1,1,10,1
1701,0,1,1,1,0,0,3,0,0,1,1,1,1,2,7,1
1744,1,1,1,1,0,0,0,0,0,1,0,4,1,1,9,1
1899,1,0,0,0,0,2,1,3,2,10,0,3,0,0,2,0
1290,1,1,1,1,1,0,0,0,0,0,0,2,1,2,8,1
1536,1,1,1,0,1,0,0,0,1,3,1,3,1,1,9,1
1735,0,1,0,1,1,0,4,2,0,8,0,0,0,2,2,0
2032,0,0,1,1,0,1,3,0,0,5,1,2,1,1,8,1
1003,0,1,1,0,0,0,1,0,1,4,0,0,0,1,0,0
1492,0,0,1,0,1,1,3,0,1,8,0,0,0,0,1,0
2051,0,0,0,0,0,2,4,4,2,10,0,0,0,0,3,0
990,0,1,1,1,1,0,1,0,0,0,0,1,2,1,9,1
1615,0,0,0,0,0,1,3,2,2,11,0,1,0,0,0,0
1775,0,0,0,0,0,1,3,2,2,9,0,2,0,0,2,0
1790,1,0,0,0,0,2,2,2,2,8,0,2,0,0,0,0
1439,1,1,1,0,0,0,0,0,1,5,1,3,0,0,3,1
1241,0,1,0,0,1,0,3,2,1,8,0,0,0,0,0,0
1536,1,0,0,0,1,1,1,3,1,11,0,2,0,0,1,0
1835,0,0,0,1,0,1,5,2,0,9,0,0,0,1,3,0
1393,1,1,1,1,1,0,0,0,0,0,1,2,3,2,11,1
956,0,1,1,0,0,0,2,0,1,2,0,0,0,0,0,0
2044,0,0,0,0,0,2,2,2,2,10,0,3,0,0,3,0
1508,1,1,1,1,1,0,0,0,0,2,1,2,3,2,11,1
1992,1,0,0,0,1,2,2,4,1,11,0,3,0,0,0,0
1785,0,0,0,1,1,1,3,1,0,9,0,1,0,2,4,0
1527,1,1,1,0,1,0,0,0,2,3,1,3,1,0,7,1
1618,1,0,0,0,0,1,2,3,2,11,0,2,0,0,1,0
1636,1,0,0,0,1,1,3,2,2,9,0,1,0,0,1,0
1304,1,1,1,0,1,0,0,0,1,0,0,2,1,1,7,1
1699,0,1,1,1,0,0,2,0,1,1,1,2,2,1,10,1
2434,0,1,0,1,1,1,6,3,1,9,1,0,1,1,4,0
927,1,1,1,1,1,0,0,0,0,0,0,2,1,1,5,1
1621,0,0,0,0,1,1,3,3,2,10,0,1,0,0,1,0
1141,1,1,1,1,1,0,0,0,0,0,0,3,0,2,6,1
1495,0,1,0,0,1,0,3,1,2,8,0,1,0,0,1,0
857,1,1,1,1,1,0,0,0,0,0,0,1,1,0,7,1
941,0,1,1,0,0,0,2,0,1,3,0,0,0,0,0,0
1166,1,1,1,1,1,0,0,0,0,0,0,3,1,1,6,1
1661,1,1,0,1,0,0,3,1,0,6,0,1,0,1,4,0
1835,0,1,1,1,0,0,1,0,0,5,2,3,3,0,10,1
2388,0,1,1,1,0,0,4,0,1,5,2,2,1,1,7,1
1922,1,0,0,0,0,2,4,1,2,9,0,1,0,0,2,0
1247,1,1,1,0,1,0,1,0,1,1,1,2,0,0,5,1
1622,0,0,0,0,0,1,3,2,2,8,0,1,1,0,7,0
2395,1,1,1,1,0,0,2,3,0,10,2,3,4,1,8,0
1266,1,1,0,0,1,0,1,2,2,10,0,1,0,0,0,0
1837,1,1,1,0,0,0,0,0,1,1,0,5,2,1,9,1
1201,0,1,0,0,0,0,2,2,2,10,0,0,0,0,0,0
1097,0,1,1,0,0,0,2,0,1,1,0,0,0,0,0,0
919,1,1,1,0,1,0,0,0,1,0,0,2,1,0,8,1
1653,0,1,1,1,1,0,3,0,0,1,1,1,2,0,11,1
924,0,1,0,0,0,0,1,1,1,8,0,0,0,0,0,0
1256,0,1,0,0,0,0,3,1,2,9,0,0,0,0,1,0
1030,0,1,0,0,0,0,2,1,1,8,0,0,0,0,0,0
1314,1,1,1,1,1,0,0,0,0,1,0,2,2,2,9,1
1366,1,0,0,0,0,1,0,1,2,9,0,3,0,0,0,0
1612,0,0,0,0,0,1,1,1,2,10,0,3,0,0,2,0
1877,1,0,0,0,0,2,1,4,1,11,0,4,0,0,3,0
2088,1,1,1,0,1,0,0,0,1,4,1,5,2,0,9,1
2104,1,0,0,1,1,1,2,1,0,9,1,3,0,0,4,0
1648,1,1,1,1,1,0,0,0,0,2,0,3,1,1,7,1
1375,0,1,1,1,1,0,1,0,0,1,1,3,1,2,9,1
1625,0,1,0,1,0,0,2,1,0,8,0,2,0,2,4,0
2525,0,0,0,0,1,2,4,1,1,9,0,3,0,0,5,0
1165,1,1,1,1,1,0,1,0,0,0,0,2,3,2,11,1
1684,1,0,0,0,1,1,3,1,2,9,0,1,0,0,2,0
1531,1,1,1,1,1,0,1,0,1,3,1,3,2,1,9,1
1512,1,0,1,0,1,1,1,1,2,5,0,2,1,0,7,0
1479,0,1,0,0,1,0,3,1,2,9,0,0,0,0,0,0
1615,1,0,0,0,0,1,3,3,1,11,0,1,0,0,0,0
1781,1,1,1,0,1,0,0,0,1,3,1,4,1,0,7,1
942,1,1,1,1,1,0,0,0,0,0,0,2,1,1,9,1
1315,1,1,1,1,0,0,0,0,0,0,1,2,1,2,9,1
1651,0,0,0,1,0,1,4,2,0,9,0,0,0,2,5,0
1182,1,1,1,1,0,0,0,0,0,0,0,2,1,1,9,1
1537,0,0,1,1,1,1,1,0,1,2,0,3,2,1,9,1
1717,1,1,1,0,0,0,1,0,2,2,1,3,2,0,9,1
1688,1,0,1,0,1,1,0,0,1,4,0,4,1,0,8,1
1858,0,1,1,0,1,0,4,0,2,4,1,1,1,0,7,1
684,1,1,1,1,1,0,0,0,0,0,0,1,1,1,5,1
1749,1,0,1,1,1,1,3,1,0,9,0,1,1,2,5,0
1319,1,1,1,0,1,0,0,0,1,2,0,2,2,1,10,1
1627,0,0,0,0,0,1,2,2,1,10,0,2,0,0,5,0
1904,1,1,0,0,0,0,1,2,2,8,1,4,0,0,2,0
1712,0,0,0,0,0,2,3,4,1,11,0,1,0,1,2,0
1358,1,1,0,0,0,0,0,2,2,9,0,2,0,0,2,0
1735,1,0,0,1,0,2,2,1,1,9,0,3,0,1,3,0
1435,1,1,1,1,1,0,1,0,0,0,1,3,2,2,10,1
1340,1,0,0,1,1,1,0,1,1,6,0,3,0,1,2,0
1572,0,1,1,1,1,0,3,0,1,6,1,0,1,1,9,1
1535,1,1,0,1,0,0,3,1,0,8,0,1,0,2,2,0
2019,1,0,0,1,1,1,1,1,1,6,0,4,0,1,6,0
1851,1,1,1,0,0,0,2,1,1,5,1,2,2,0,9,1
1435,0,1,1,1,1,0,2,0,0,2,1,1,3,1,11,1
1317,0,0,0,0,0,1,3,1,1,7,0,0,0,0,1,0
1427,0,1,1,1,0,0,1,0,0,2,1,2,1,2,7,1
1391,0,1,1,0,0,0,1,0,1,0,1,2,2,1,9,1
1956,0,1,0,1,1,0,4,1,1,5,2,1,0,1,4,0
1642,0,1,1,1,0,0,2,0,0,1,1,2,1,1,8,1
1678,0,1,1,0,0,0,1,0,1,6,1,2,1,0,7,1
1469,1,1,1,0,1,0,0,0,1,1,1,4,2,1,9,1
1131,1,1,1,1,0,0,0,0,0,1,0,3,0,2,5,1
1667,0,1,0,0,0,0,2,1,2,6,1,2,1,0,8,1
2448,0,0,0,0,0,2,4,2,2,8,0,2,0,0,3,0
1442,1,1,0,0,0,0,2,2,2,9,0,2,0,0,1,0
1452,1,1,1,1,1,0,1,0,0,0,1,2,2,2,10,1
1400,0,1,0,1,0,0,3,1,1,9,0,0,0,1,1,0
1729,1,1,1,0,1,0,0,0,1,3,1,4,1,1,7,1
1380,0,0,0,0,0,1,2,2,1,10,0,0,0,0,0,0
1415,0,1,1,1,1,0,1,0,1,2,1,2,1,1,7,1
1147,0,1,0,0,1,0,3,2,1,10,0,0,0,0,0,0
1768,1,1,1,1,1,0,2,0,0,1,1,2,4,2,11,1
1794,0,1,0,0,0,0,3,1,2,7,2,2,1,0,8,1
1807,0,1,1,0,1,0,3,0,1,2,1,1,2,1,8,1
1570,0,0,1,1,1,1,3,0,0,0,0,1,1,0,7,1
1785,0,0,0,0,0,1,3,1,2,8,0,1,0,0,2,0
920,0,1,0,0,0,0,2,1,1,6,0,0,0,0,0,0
1690,1,0,0,0,0,1,3,2,2,9,0,1,0,0,4,0
1922,1,0,0,0,0,1,1,3,2,11,0,4,0,0,3,0
1131,1,1,1,1,1,0,0,0,0,0,0,3,0,2,5,1
1006,1,1,1,1,0,0,0,0,0,6,0,2,0,0,0,0
1832,0,0,1,0,1,2,2,1,1,7,0,2,1,0,8,0
2027,1,1,1,1,1,0,1,0,1,5,1,4,1,1,6,1
1462,0,0,0,0,1,1,4,1,1,8,0,0,0,0,2,0
1437,0,0,0,0,0,1,3,2,2,9,0,0,0,0,3,0
1449,1,1,0,0,0,0,2,1,2,6,0,1,0,0,3,0
934,1,1,0,0,0,0,0,2,1,9,0,2,0,0,0,0
1507,1,1,1,0,1,0,1,0,1,3,0,2,0,0,2,0
1843,1,0,1,0,0,1,1,0,1,3,0,3,1,1,7,1
1345,1,1,1,1,0,0,0,0,0,4,1,3,0,1,7,1
1286,0,1,1,1,1,0,3,0,1,6,0,0,0,1,2,0
2174,0,1,1,0,0,0,3,0,2,4,1,2,1,0,9,1
1771,0,1,1,1,1,0,2,0,0,2,1,3,3,1,11,1
1124,0,1,0,1,1,0,2,1,1,8,0,0,0,1,3,0
807,1,1,1,1,1,0,0,0,0,0,0,1,1,1,6,1
1786,1,1,1,1,0,0,2,0,0,4,1,2,1,2,8,1
2082,0,1,1,0,0,0,2,0,1,2,3,3,8,1,11,1
1866,0,0,0,0,1,1,5,4,1,11,0,0,0,0,3,0
1138,1,1,1,1,1,0,0,0,0,0,0,2,0,2,3,1
1560,0,1,1,1,1,0,1,0,0,0,0,3,3,1,10,1
1995,1,1,1,1,1,0,0,0,0,2,2,5,2,2,11,1
1505,1,1,1,1,1,0,0,0,1,4,1,3,2,1,9,1
1684,1,1,0,1,0,0,1,1,0,7,0,3,0,1,3,0
1355,0,1,1,1,1,0,2,0,0,1,1,1,2,2,10,1
1235,0,1,1,1,0,0,1,0,0,1,0,1,2,1,10,1
1245,1,1,1,1,0,0,1,0,0,3,0,1,0,1,1,0
1558,0,1,1,1,0,0,1,0,0,2,1,2,1,0,5,1
1391,1,1,1,1,0,0,2,0,0,0,1,2,1,1,8,1
2043,1,0,1,0,0,1,1,0,2,4,0,4,1,0,9,1
1745,1,0,0,1,0,1,3,2,0,10,0,1,0,2,3,0
1895,1,1,0,1,1,0,3,1,1,9,0,1,0,1,4,0
1442,0,1,1,1,1,0,1,0,0,0,1,2,1,1,8,1
1642,1,1,1,0,0,0,1,0,1,2,1,4,2,1,8,1
1668,1,1,0,0,0,0,2,3,2,10,1,2,0,0,1,0
1364,1,0,1,0,1,1,1,0,1,5,0,2,0,1,3,0
1487,0,0,0,0,0,1,3,1,1,9,0,0,0,1,1,0
1534,1,1,1,0,1,0,0,0,1,0,1,4,2,1,8,1
1573,1,1,1,1,1,0,1,0,0,0,1,2,2,2,11,1
2148,1,0,1,0,0,2,2,0,1,7,0,3,0,1,5,0
933,1,1,1,0,1,0,0,0,1,1,0,2,1,0,8,1
1226,1,1,0,1,1,0,2,1,0,7,0,1,0,1,1,0
1576,1,1,1,1,1,0,1,0,0,0,1,3,2,1,9,1
1682,0,1,1,0,1,0,2,0,1,3,1,1,1,0,7,1
666,1,1,1,1,1,0,0,0,0,0,0,1,1,1,7,1
1219,1,1,0,0,0,0,0,1,1,8,0,3,0,0,0,0
1578,1,0,0,0,0,1,2,2,2,10,0,2,0,0,1,0
1262,1,1,0,1,0,0,1,1,1,5,0,2,0,1,2,0
1320,1,1,1,0,0,0,1,0,2,3,0,2,0,0,3,1
948,1,1,1,1,1,0,0,0,0,0,0,2,2,1,9,1
913,0,1,0,0,0,0,2,1,1,7,0,0,0,0,0,0
1995,0,1,1,0,0,0,3,0,1,3,2,3,2,0,9,1
1778,0,1,1,1,1,0,2,0,0,4,1,3,1,0,8,1
1476,0,1,1,0,0,0,1,0,1,3,0,2,0,1,4,1
1752,1,0,0,0,0,1,3,1,2,9,0,2,0,0,2,0
1287,1,1,1,1,1,0,1,0,0,2,0,2,2,2,10,1
1010,1,1,1,1,1,0,0,0,0,0,0,2,1,1,8,1
1365,1,1,0,0,0,0,1,3,1,11,0,2,0,0,1,0
1356,1,1,1,0,1,0,0,0,1,0,1,4,2,1,11,1
1194,1,1,1,1,0,0,0,0,0,0,0,3,1,2,7,1
2009,0,1,1,0,0,1,3,3,2,11,1,2,1,0,6,0
902,0,1,0,1,0,0,2,2,0,9,0,0,0,1,0,0
968,1,1,1,1,1,0,0,0,0,0,0,2,0,1,4,1
1109,0,1,0,0,1,0,2,3,1,11,0,0,0,0,0,0
1733,1,0,0,0,1,1,3,1,1,8,0,2,0,1,6,0
1892,0,1,1,0,0,0,2,0,2,4,1,3,2,0,10,1
1783,1,1,1,1,1,0,0,0,0,3,1,4,3,2,11,1
1304,0,1,1,1,0,0,1,0,0,1,0,2,1,1,8,1
2006,0,0,0,1,0,2,3,1,0,7,0,2,0,2,6,0
850,1,1,1,1,1,0,0,0,0,0,0,2,1,1,10,1
1723,0,0,0,0,1,1,2,1,1,8,0,2,1,0,5,0
1260,0,1,1,1,1,0,1,0,0,0,0,1,1,2,9,1
1618,0,0,0,0,0,1,3,2,2,10,0,1,0,0,2,0
1452,1,1,0,0,0,0,1,1,2,9,1,2,0,0,3,0
929,0,1,1,1,0,0,1,0,0,4,0,0,0,0,0,0
1914,0,1,0,0,0,0,1,1,1,5,2,4,1,0,8,1
920,1,1,1,1,1,0,0,0,0,0,0,2,0,1,4,1
1288,0,1,1,0,1,0,3,0,1,6,0,0,0,0,0,0
1514,1,1,1,0,1,0,0,0,1,4,1,3,1,0,8,1
1964,1,0,0,0,1,1,2,3,2,11,0,3,0,0,3,0
1585,1,0,0,1,1,1,2,1,0,7,0,2,0,1,3,0
1236,1,1,1,1,0,0,1,0,0,2,1,2,0,2,3,1
1675,0,0,0,0,0,1,4,2,1,10,0,0,0,1,1,0
1111,1,1,1,1,1,0,0,0,0,1,0,2,1,1,7,1
937,1,1,1,1,1,0,0,0,0,0,0,1,1,1,9,1
1891,1,0,0,0,0,2,4,4,1,11,0,1,0,0,2,0
1017,1,1,1,1,0,0,0,0,0,2,0,2,0,1,1,0
1181,0,1,1,1,1,0,1,0,0,1,0,1,2,1,10,1
1543,1,1,1,1,1,0,0,0,0,2,1,3,3,1,11,1
810,1,1,1,1,1,0,0,0,0,0,0,0,1,1,6,1
1333,0,1,0,1,0,0,3,3,0,11,0,0,0,0,2,0
1641,1,1,1,1,0,0,2,0,0,3,1,2,3,1,11,1
1581,0,1,1,0,1,0,1,0,1,3,1,2,3,1,11,1
1475,1,1,0,0,1,0,3,1,1,10,0,1,0,0,2,0
1742,0,0,0,1,1,1,2,2,0,9,0,1,0,1,4,0
1803,0,0,0,0,0,2,4,1,1,8,0,0,0,0,1,0
1785,1,1,0,1,1,0,2,1,0,5,2,2,1,2,7,1
1790,0,1,1,0,0,0,3,0,1,5,1,1,1,0,6,1
1256,0,1,1,0,0,0,1,0,1,2,0,2,0,0,4,1
1421,1,0,0,0,0,1,2,2,1,10,0,2,0,0,1,0
1325,0,0,0,0,1,1,3,1,2,8,0,0,0,0,2,0
766,1,1,1,1,0,0,0,0,0,0,0,1,1,1,6,1
1272,0,1,0,0,0,0,1,1,2,6,0,0,0,0,0,0
1471,0,1,0,0,0,0,2,2,1,9,0,1,0,0,0,0
2762,0,0,1,1,0,1,4,2,0,6,2,2,4,1,11,1
1478,1,0,0,1,0,1,2,1,0,9,0,2,0,1,0,0
2282,0,0,0,0,1,2,3,2,1,8,0,2,1,0,7,1
1654,0,0,0,0,0,1,4,1,1,8,0,0,0,0,3,0
1837,1,0,1,1,1,1,0,0,0,2,0,4,2,0,11,1
912,1,1,1,1,1,0,0,0,0,0,0,1,0,1,3,1
2043,1,1,0,1,1,1,2,2,0,9,1,3,0,1,2,0
1804,1,0,1,0,0,1,1,0,1,4,0,3,1,1,9,1
1451,1,1,1,0,1,0,1,0,1,1,1,2,3,1,11,1
1412,1,1,1,1,0,0,0,0,0,0,1,3,1,1,9,1
1476,1,1,1,1,1,0,1,0,0,0,0,3,2,2,9,1
1400,0,1,1,1,1,0,1,0,0,0,1,2,0,2,5,1
1179,0,1,0,0,1,0,2,1,1,7,0,1,0,0,0,0
1155,1,1,1,1,1,0,0,0,0,1,0,2,1,1,8,1
967,0,1,0,0,0,0,2,2,1,10,0,0,0,0,1,0
1481,0,0,0,0,0,1,2,1,1,7,0,1,0,0,3,0
1790,1,1,1,0,0,0,2,0,1,3,1,2,2,1,10,1
932,0,1,1,1,0,0,1,0,0,4,0,0,0,0,0,0
1185,1,1,1,1,0,0,2,0,0,4,0,1,0,1,1,0
1346,0,0,0,0,1,1,2,2,1,9,0,1,0,0,1,0
1843,0,1,0,0,0,0,2,1,1,5,1,2,1,1,9,1
1775,0,0,0,0,0,1,3,2,2,9,0,2,0,0,2,0
1294,0,1,1,0,1,0,1,0,1,0,1,1,1,1,6,1
1216,0,1,1,1,0,0,2,0,0,3,0,0,0,0,1,0
1133,1,1,1,0,0,0,2,0,2,5,0,1,0,0,1,0
1379,0,1,1,0,0,0,1,0,2,1,1,2,0,0,6,1
1852,1,0,0,0,0,2,1,1,1,7,0,4,0,1,4,0
1567,1,1,0,1,0,0,3,2,1,10,0,1,0,1,1,0
1483,0,1,1,0,0,0,4,0,2,4,0,0,0,0,4,0
951,0,1,0,0,0,0,2,1,1,8,0,0,0,0,0,0
2345,1,0,0,1,0,1,2,2,0,7,1,4,2,1,8,1
1674,1,1,1,1,1,0,1,0,1,1,1,3,1,1,9,1
1791,1,1,1,1,1,0,1,0,0,3,2,3,3,2,10,1
1420,1,1,1,1,1,0,0,0,0,2,1,3,3,2,11,1
1477,0,1,0,1,1,0,2,1,1,9,0,1,0,1,1,0
2082,1,0,0,0,1,2,1,2,1,11,0,4,0,0,3,0
1410,1,1,1,1,0,0,0,0,0,2,1,2,1,1,8,1
1533,1,1,1,1,1,0,0,0,1,4,1,4,0,1,6,1
1570,0,0,0,0,0,1,3,1,2,8,0,1,0,0,3,0
1862,1,1,1,0,1,0,1,0,1,6,1,4,0,0,5,1
1487,0,1,1,0,1,0,2,0,1,3,1,2,1,1,8,1
1910,0,0,0,1,1,1,4,3,1,11,0,1,0,1,2,0
2269,0,0,1,0,1,2,4,0,1,4,0,1,0,0,3,0
2318,0,0,0,0,1,1,1,1,2,5,1,5,2,0,10,1
2260,1,1,0,1,0,0,1,3,0,9,2,4,0,1,4,0
1864,0,1,0,1,1,0,4,1,1,8,0,0,0,1,1,0
1520,1,1,1,1,1,0,2,0,1,3,0,1,0,1,3,0
1254,1,1,0,0,0,0,1,1,2,7,0,1,0,0,1,0
1810,1,0,0,1,0,1,0,1,0,10,0,4,0,1,3,0
1632,1,1,1,1,1,0,2,0,0,1,1,2,1,2,8,1
1527,1,0,0,1,1,1,2,2,1,9,0,1,0,1,1,0
2339,1,0,0,0,1,2,4,1,1,7,1,2,0,1,6,0
950,1,1,1,1,0,0,0,0,0,0,0,2,0,1,2,1
1651,1,0,0,0,0,1,0,2,2,10,0,4,0,0,2,0
1215,1,1,1,1,1,0,0,0,0,2,0,2,2,1,7,1
2212,1,1,1,1,0,1,3,0,0,5,1,3,3,1,10,1
942,0,1,1,0,0,0,2,0,1,3,0,0,0,0,0,0
1712,0,1,1,0,1,0,2,0,1,4,1,1,1,0,9,1
2391,0,1,1,1,0,1,3,2,0,8,1,3,1,1,8,0
2217,0,0,0,0,0,2,4,3,1,10,0,2,1,0,4,0
1526,1,0,1,1,1,1,1,0,0,3,0,2,0,2,4,0
1710,0,0,0,0,0,1,2,2,1,10,0,0,0,0,1,0
1267,1,1,1,1,0,0,0,0,0,1,0,3,0,2,5,1
2256,1,1,1,0,1,0,2,0,1,5,2,4,1,1,7,1
729,1,1,1,1,1,0,0,0,0,0,0,0,1,1,5,1
1065,1,1,1,1,1,0,0,0,0,1,0,2,2,1,9,1
1746,1,0,1,1,1,1,0,1,0,5,0,2,1,2,7,0
1343,0,1,1,0,1,0,1,0,1,1,0,2,1,1,8,1
1512,1,0,0,0,0,1,1,1,1,7,0,1,0,0,3,0
2377,0,0,0,0,0,2,3,2,2,10,0,3,0,0,3,0
2137,1,1,1,1,1,0,1,0,0,1,1,4,1,1,9,1
1689,1,0,0,0,0,1,2,2,1,11,0,2,0,1,3,0
1904,0,1,1,1,1,1,3,1,0,5,1,2,2,2,7,0
2035,1,0,1,1,0,1,2,0,0,3,1,3,1,1,7,1
1752,1,0,0,0,1,1,3,2,2,9,0,1,0,0,5,0
1570,1,0,0,1,0,1,1,1,0,7,0,2,0,1,1,0
1841,0,1,1,1,1,0,1,0,0,3,1,4,3,0,11,1
1737,0,1,1,1,1,0,2,0,1,4,1,2,1,1,7,1
1835,0,1,1,1,0,0,1,0,0,5,2,3,3,0,10,1
1798,0,0,0,0,1,1,4,1,2,10,0,0,0,0,3,0
1462,0,0,1,0,0,1,4,0,2,3,0,0,0,0,1,0
1991,1,0,0,0,1,2,3,1,1,5,0,2,1,1,7,1
1779,1,0,0,0,0,1,3,3,2,11,0,1,0,0,1,0
1186,1,1,1,1,0,0,0,0,0,2,0,3,0,1,2,1
1586,0,0,0,0,0,1,3,1,1,7,0,1,0,0,3,0
1135,0,1,0,0,1,0,2,2,2,9,0,0,0,0,1,0
805,0,1,1,1,1,0,1,0,0,0,0,1,1,1,9,1
2034,0,1,1,0,1,0,2,0,1,4,1,3,1,1,10,1
1983,0,0,0,0,0,1,3,2,1,8,0,2,0,0,3,0
925,1,1,1,0,0,0,0,0,1,4,0,2,0,0,1,0
1436,1,1,1,1,1,0,0,0,0,0,1,3,2,1,7,1
1673,1,1,1,1,1,0,0,0,0,1,1,4,2,1,11,1
1075,0,1,0,0,0,0,2,1,2,10,0,0,0,0,1,0
1589,1,1,1,0,1,0,0,0,1,2,1,4,2,1,9,1
1861,1,1,1,0,1,0,1,0,1,3,0,4,2,0,10,1
1212,0,1,0,0,0,0,2,1,2,8,0,1,0,0,0,0
1657,1,1,0,1,1,0,2,1,1,7,0,2,0,1,2,0
1651,1,0,0,0,0,1,0,2,2,10,0,4,0,0,2,0
1386,0,0,0,0,0,1,3,1,2,8,0,0,0,0,1,0
1286,0,1,1,1,0,0,1,0,0,0,1,2,0,2,4,1
963,1,1,1,1,1,0,0,0,0,0,0,2,2,1,10,1
1500,0,1,1,1,0,0,2,0,0,0,0,1,1,2,8,1
949,0,1,1,0,0,0,2,0,2,5,0,0,0,0,0,0
950,0,1,1,1,0,0,2,0,0,0,0,0,0,1,3,1
1842,1,1,1,1,1,0,0,0,0,0,2,4,3,1,9,1
1561,1,1,0,0,0,0,1,1,1,8,0,2,0,0,3,0
2201,0,1,0,0,0,1,2,2,2,10,2,3,0,0,6,0
1646,0,0,0,1,1,1,1,1,0,7,0,3,0,1,5,0
1653,0,1,1,1,1,0,1,0,0,2,1,3,2,2,9,1
1081,0,1,1,1,1,0,1,0,0,0,0,1,1,1,8,1
1353,1,1,1,1,0,0,0,0,0,1,1,3,0,2,5,1
1247,1,1,1,1,0,0,0,0,0,3,0,2,1,1,5,1
1235,0,1,0,0,0,0,2,1,1,7,0,1,0,0,2,0
1427,0,1,0,1,0,0,3,1,0,8,0,0,0,1,0,0
1839,0,0,0,0,0,2,3,1,1,8,0,2,0,0,5,0
1579,1,1,1,0,1,0,0,0,1,2,1,4,3,1,11,1
1150,0,1,1,0,0,0,1,0,1,1,0,1,1,0,7,1
1270,1,1,1,1,0,0,0,0,0,2,0,3,0,0,2,1
1899,0,0,0,0,1,1,3,4,2,11,0,1,0,0,0,0
1899,1,1,1,1,0,0,1,0,0,3,2,4,1,1,8,1
1541,0,0,0,1,1,1,2,3,1,11,0,1,0,1,2,0
1388,1,0,0,0,0,1,0,1,2,8,0,3,0,0,2,0
1659,0,0,0,0,1,1,4,1,1,9,0,0,0,0,0,0
1180,1,1,1,0,0,0,1,0,2,5,0,1,0,0,0,0
1625,1,1,1,1,1,0,0,0,0,4,1,4,2,2,9,1
1478,1,0,0,1,0,1,2,1,0,9,0,2,0,1,0,0
1754,1,1,0,1,0,0,3,1,0,9,0,1,0,1,2,0
1835,1,1,0,0,0,0,1,1,2,7,1,4,0,0,4,0
1239,1,1,1,1,1,0,0,0,0,0,0,3,2,1,9,1
1771,0,1,1,1,1,0,2,0,0,2,1,3,3,1,11,1
1629,1,1,0,0,1,0,2,1,1,7,1,2,0,0,1,0
1717,1,1,1,0,1,0,1,0,1,2,1,3,3,0,11,1
1587,0,1,1,1,0,0,1,0,0,1,1,3,2,1,9,1
1726,0,0,0,0,0,1,4,2,1,7,0,1,0,0,3,0
1911,0,1,1,0,1,0,4,0,1,4,1,0,1,1,10,1
1417,1,0,0,0,1,1,2,1,2,9,0,1,0,0,1,0
1768,1,1,1,1,1,0,0,0,0,3,2,4,4,2,11,1
1578,1,0,0,0,0,1,2,2,2,9,0,1,0,0,2,0
838,1,1,1,1,1,0,0,0,0,0,0,1,2,1,9,1
2043,1,0,0,0,1,2,2,3,1,11,0,3,0,0,1,0
1595,0,1,1,1,0,0,1,0,0,1,1,2,1,1,8,1
1268,1,1,1,1,1,0,0,0,0,0,0,2,0,1,5,1
1620,0,1,1,0,0,0,2,0,2,3,1,1,0,0,4,1
1337,1,1,1,1,1,0,0,0,0,1,1,3,0,1,5,1
1445,0,0,1,0,1,1,2,0,2,3,0,2,0,0,2,0
1426,0,1,0,0,0,0,2,1,1,10,0,0,0,0,2,0
1137,1,1,1,0,0,0,1,0,2,7,0,2,0,0,0,0
1673,0,0,0,0,0,1,4,2,1,9,0,0,0,0,0,0
1336,0,0,0,0,0,1,3,1,1,6,0,0,0,0,2,0
913,1,1,1,0,1,0,0,0,1,0,0,1,0,0,2,1
1016,1,1,1,0,0,0,0,0,1,2,0,2,0,0,4,1
1804,1,0,0,0,0,1,3,3,1,11,0,2,0,0,3,0
2009,1,0,0,0,1,1,4,1,1,8,0,1,0,0,2,0
2292,1,0,0,0,1,2,3,3,2,9,0,3,0,0,4,0
1313,0,0,1,0,0,1,2,0,1,7,0,0,0,0,0,0
1540,1,1,1,0,1,0,0,0,1,4,1,4,1,1,11,1
1510,1,0,0,1,0,1,1,1,1,8,0,2,0,1,2,0
1329,1,1,1,1,0,0,1,0,0,1,0,2,3,0,11,1
1956,1,0,0,0,1,2,2,2,1,10,0,3,1,0,5,0
1309,0,1,0,1,0,0,2,1,1,7,0,0,0,1,0,0
1436,0,1,1,0,0,0,2,0,1,2,1,1,0,0,7,1
1889,0,1,1,0,0,0,3,0,2,6,1,1,1,0,8,1
1825,1,0,0,1,0,1,3,3,0,11,0,1,0,1,1,0
2097,1,1,0,0,1,0,3,1,1,8,1,2,0,0,3,0
2193,1,0,1,1,1,1,1,0,0,2,1,4,1,1,9,1
1990,1,0,1,0,1,1,3,2,1,10,1,2,1,1,6,0
1177,0,1,1,1,1,0,1,0,0,0,0,1,3,1,11,1
1221,0,1,1,0,1,0,1,0,2,4,0,0,0,0,1,0
1591,1,1,1,0,0,0,0,0,2,4,1,4,1,0,10,1
1319,0,1,0,1,1,0,3,1,1,7,0,0,0,1,1,0
1883,0,0,0,0,0,2,3,3,2,11,0,2,0,0,1,0
1448,1,1,1,0,1,0,0,0,2,3,1,3,1,0,6,1
1705,0,0,0,0,0,1,4,3,1,9,0,0,0,0,0,0
2198,1,1,1,1,0,0,1,0,0,5,1,4,2,2,9,1
2010,0,0,0,0,0,1,4,1,1,8,0,1,0,0,4,0
1573,1,1,1,1,0,0,1,0,0,0,1,3,1,1,7,1
1581,1,1,1,1,1,0,1,0,0,1,1,2,1,1,9,1
1629,0,1,1,0,1,0,2,0,2,3,1,2,0,0,6,1
1542,1,1,0,0,0,0,2,2,2,9,1,1,0,0,1,0
2124,1,0,0,0,1,1,4,2,1,11,0,1,0,1,3,0
843,0,1,0,1,0,0,2,1,0,7,0,0,0,1,0,0
592,1,1,1,1,1,0,0,0,0,0,0,0,1,1,5,1
1901,1,0,0,0,1,2,4,2,1,7,0,1,0,0,4,0
1568,1,1,1,1,0,0,1,0,0,2,1,1,1,2,9,1
1645,0,1,1,1,1,0,1,0,0,1,1,3,0,2,7,1
1459,1,1,1,1,1,0,0,0,0,0,0,2,1,2,7,1
1750,0,0,0,0,1,1,3,1,1,7,0,1,0,0,5,0
1597,0,0,0,1,0,1,2,1,0,9,0,1,0,2,3,0
1991,1,1,1,1,1,0,0,0,0,0,2,4,3,1,11,1
1389,1,1,1,1,1,0,0,0,0,0,1,3,1,2,8,1
2533,0,1,1,0,1,0,2,0,2,5,2,5,4,0,11,1
1358,1,1,1,1,1,0,0,0,1,3,0,4,0,1,3,1
1232,1,1,0,0,0,0,2,1,2,5,0,1,0,0,1,0
1210,0,1,1,1,0,0,2,0,1,3,0,0,0,1,0,0
949,0,1,1,0,0,0,2,0,2,5,0,0,0,0,0,0
2660,0,0,0,1,1,1,3,2,1,8,2,4,3,1,11,1
1911,1,1,1,1,1,0,1,0,1,4,1,4,2,1,10,1
1004,1,1,1,0,0,0,1,0,1,3,0,1,0,0,1,0
1863,0,1,1,0,1,0,5,0,1,4,1,0,1,0,6,1
1542,1,1,1,1,0,0,0,0,0,1,1,3,1,2,9,1
2281,0,1,1,0,0,1,3,0,2,5,1,3,1,0,8,1
1728,1,0,0,1,1,1,2,1,1,9,1,2,1,1,6,0
2104,0,1,1,0,0,0,3,0,2,6,2,2,2,0,8,1
1416,0,1,0,1,0,0,3,2,0,11,0,0,0,2,1,0
2071,0,1,0,0,1,0,4,3,2,10,2,1,0,0,4,0
2122,1,0,0,0,0,2,3,1,2,6,0,3,1,0,9,1
922,1,1,1,1,0,0,0,0,0,0,0,2,0,1,2,1
1443,0,1,1,0,1,0,1,0,1,1,1,3,1,1,7,1
1742,1,0,0,1,1,1,2,1,1,6,1,3,1,1,8,1
1898,1,1,1,0,0,0,1,0,1,3,1,4,1,0,8,1
2116,0,0,0,0,1,1,4,1,2,9,0,0,0,0,3,0
2088,1,1,1,0,1,0,0,0,1,4,1,5,2,0,9,1
1420,0,1,1,1,1,0,1,0,0,2,1,2,1,2,7,1
1076,1,1,0,1,0,0,0,1,1,7,0,2,0,1,0,0
1026,0,1,1,1,0,0,1,0,0,0,0,1,1,1,7,1
1540,1,1,1,0,1,0,0,0,1,4,1,4,1,1,11,1
1951,1,1,1,0,0,0,0,0,2,5,2,5,3,0,11,1
932,1,1,1,1,1,0,0,0,0,0,0,2,1,1,8,1
1213,1,1,1,1,1,0,0,0,0,0,0,2,2,2,9,1
1827,1,1,1,1,0,0,0,0,0,2,1,4,2,2,9,1
1507,0,0,0,1,0,1,4,2,1,9,0,0,0,1,1,0
1685,1,1,1,0,1,0,1,0,1,2,1,3,1,1,9,1
1394,1,0,0,1,0,1,1,1,1,6,0,2,0,1,3,0
1261,0,1,1,0,1,0,1,0,1,3,0,2,0,0,5,1
1399,1,1,1,1,1,0,0,0,0,0,1,4,0,1,3,1
1348,1,1,1,1,0,0,0,0,0,1,1,3,2,1,7,1
2270,0,0,1,1,0,1,3,1,0,7,2,3,3,2,8,1
1628,0,1,0,0,1,0,3,1,1,8,0,1,0,1,2,0
2361,0,1,0,1,1,2,4,1,1,8,1,2,0,1,6,0
1030,0,1,0,1,1,0,1,1,0,7,0,0,0,1,0,0
1243,0,1,0,0,0,0,3,1,2,8,0,0,0,0,0,0
1313,1,1,0,1,1,0,2,1,0,4,0,1,0,1,2,0
1525,1,1,1,1,1,0,0,0,0,0,1,3,4,2,11,1
1432,1,1,1,1,1,0,0,0,0,1,1,4,2,2,10,1
1970,0,0,0,1,0,2,2,2,1,11,0,3,0,1,1,0
2334,1,0,0,1,0,1,2,2,0,7,2,4,0,2,4,0
1348,1,1,1,1,1,0,0,0,0,1,1,3,1,2,7,1
1886,0,1,1,0,1,0,3,0,2,4,1,1,1,0,7,1
1761,0,0,0,0,0,1,1,3,1,11,0,3,0,0,3,0
1718,0,0,0,1,1,1,3,3,1,11,0,2,0,1,3,0
